asr_iou,client_id,eta_approx,method,post_clean_accuracy,predicted_labels,scenario,scores,true_labels
1.0,6,3.0649977849345693,federaser,0.971,[0],sample,"[0.4999983012676239, 0.003734293859452009, 0.03222592920064926, 0.00010157572978641838, 0.001969875767827034, 0.005526405293494463, 0.07389885187149048, 0.00022459024330601096, 0.023571282625198364, 0.35874900221824646]",[0]
1.0,0,10.629980761838866,federaser,0.972,[0],sample,"[0.500001847743988, 0.00010512736480450258, 0.07557325810194016, 5.364095159166027e-07, 0.00011661388271022588, 0.0008924207650125027, 0.012152301147580147, 0.00011841358355013654, 0.2837132215499878, 0.12732629477977753]",[0]
1.0,8,1.9490988412506924,federaser,0.936,[0],sample,"[0.49999988079071045, 2.363005478400737e-05, 0.04879780858755112, 3.531408219714649e-05, 7.1737464168109e-05, 0.0006956894067116082, 0.0006245159893296659, 7.02858014847152e-05, 0.11018942296504974, 0.3394917845726013]",[0]
1.0,9,4.651455659142766,federaser,0.969,[0],sample,"[0.4999992847442627, 0.00017414426838513464, 0.0651349350810051, 1.8994925994775258e-05, 0.07012689858675003, 0.0030363784171640873, 0.09283259510993958, 0.015387626364827156, 0.182174414396286, 0.0711146742105484]",[0]
1.0,8,2.1853473147934355,federaser,0.936,[0],sample,"[0.49999988079071045, 2.363005478400737e-05, 0.04879780858755112, 3.531408219714649e-05, 7.1737464168109e-05, 0.0006956894067116082, 0.0006245159893296659, 7.02858014847152e-05, 0.11018942296504974, 0.3394917845726013]",[0]
1.0,0,11.699095997757452,federaser,0.972,[0],sample,"[0.500001847743988, 0.00010512736480450258, 0.07557325810194016, 5.364095159166027e-07, 0.00011661388271022588, 0.0008924207650125027, 0.012152301147580147, 0.00011841358355013654, 0.2837132215499878, 0.12732629477977753]",[0]
1.0,5,2.702390871471669,federaser,0.964,[0],sample,"[0.49999937415122986, 0.0002210569946328178, 0.05143815651535988, 0.00010802837641676888, 3.277785435784608e-05, 0.007082272320985794, 0.0010299398563802242, 0.006714143790304661, 0.06251002103090286, 0.37086430191993713]",[0]
1.0,8,1.4177938188354218,federaser,0.936,[0],sample,"[0.49999988079071045, 2.363005478400737e-05, 0.04879780858755112, 3.531408219714649e-05, 7.1737464168109e-05, 0.0006956894067116082, 0.0006245159893296659, 7.02858014847152e-05, 0.11018942296504974, 0.3394917845726013]",[0]
1.0,7,7.296190989474962,federaser,0.972,[0],sample,"[0.5000016093254089, 0.00022215551871340722, 0.268001526594162, 6.362935528159142e-05, 0.009478256106376648, 0.0003017630660906434, 0.1377197951078415, 0.0007772167446091771, 0.05617418885231018, 0.027259917929768562]",[0]
1.0,5,3.0706719675792726,federaser,0.964,[0],sample,"[0.49999937415122986, 0.0002210569946328178, 0.05143815651535988, 0.00010802837641676888, 3.277785435784608e-05, 0.007082272320985794, 0.0010299398563802242, 0.006714143790304661, 0.06251002103090286, 0.37086430191993713]",[0]
1.0,5,1.9775905062837769,federaser,0.964,[0],sample,"[0.49999937415122986, 0.0002210569946328178, 0.05143815651535988, 0.00010802837641676888, 3.277785435784608e-05, 0.007082272320985794, 0.0010299398563802242, 0.006714143790304661, 0.06251002103090286, 0.37086430191993713]",[0]
1.0,5,2.421669446980013,federaser,0.964,[0],sample,"[0.49999937415122986, 0.0002210569946328178, 0.05143815651535988, 0.00010802837641676888, 3.277785435784608e-05, 0.007082272320985794, 0.0010299398563802242, 0.006714143790304661, 0.06251002103090286, 0.37086430191993713]",[0]
1.0,5,2.9439119299113403,federaser,0.964,[0],sample,"[0.49999937415122986, 0.0002210569946328178, 0.05143815651535988, 0.00010802837641676888, 3.277785435784608e-05, 0.007082272320985794, 0.0010299398563802242, 0.006714143790304661, 0.06251002103090286, 0.37086430191993713]",[0]
1.0,2,4.211356567937852,federaser,0.972,[0],sample,"[0.4999980628490448, 0.030424676835536957, 0.012572563253343105, 1.9457391317700967e-05, 1.123868059949018e-05, 0.00436022924259305, 0.0009438294218853116, 0.0022165284026414156, 0.36848995089530945, 0.08096349984407425]",[0]
1.0,1,7.095105786634667,federaser,0.972,[0],sample,"[0.5000017881393433, 0.00014856437337584794, 0.053657401353120804, 1.1373366760381032e-05, 0.00028079835465177894, 0.03199627995491028, 0.007352103013545275, 0.0005641414900310338, 0.29126036167144775, 0.11472726613283157]",[0]
1.0,7,5.104179535237973,federaser,0.972,[0],sample,"[0.5000016093254089, 0.00022215551871340722, 0.268001526594162, 6.362935528159142e-05, 0.009478256106376648, 0.0003017630660906434, 0.1377197951078415, 0.0007772167446091771, 0.05617418885231018, 0.027259917929768562]",[0]
1.0,5,1.9374888425802175,federaser,0.964,[0],sample,"[0.49999937415122986, 0.0002210569946328178, 0.05143815651535988, 0.00010802837641676888, 3.277785435784608e-05, 0.007082272320985794, 0.0010299398563802242, 0.006714143790304661, 0.06251002103090286, 0.37086430191993713]",[0]
1.0,6,5.916792189390083,federaser,0.971,[0],sample,"[0.4999983012676239, 0.003734293859452009, 0.03222592920064926, 0.00010157572978641838, 0.001969875767827034, 0.005526405293494463, 0.07389885187149048, 0.00022459024330601096, 0.023571282625198364, 0.35874900221824646]",[0]
1.0,1,10.14680087094233,federaser,0.972,[0],sample,"[0.5000017881393433, 0.00014856437337584794, 0.053657401353120804, 1.1373366760381032e-05, 0.00028079835465177894, 0.03199627995491028, 0.007352103013545275, 0.0005641414900310338, 0.29126036167144775, 0.11472726613283157]",[0]
1.0,0,8.930555807839008,federaser,0.972,[0],sample,"[0.500001847743988, 0.00010512736480450258, 0.07557325810194016, 5.364095159166027e-07, 0.00011661388271022588, 0.0008924207650125027, 0.012152301147580147, 0.00011841358355013654, 0.2837132215499878, 0.12732629477977753]",[0]
1.0,0,10.203733252793562,federaser,0.972,[0],sample,"[0.500001847743988, 0.00010512736480450258, 0.07557325810194016, 5.364095159166027e-07, 0.00011661388271022588, 0.0008924207650125027, 0.012152301147580147, 0.00011841358355013654, 0.2837132215499878, 0.12732629477977753]",[0]
1.0,4,2.0292836545252366,federaser,0.965,[0],sample,"[0.5000000596046448, 2.9784790967823938e-05, 0.006809634622186422, 4.341416934039444e-05, 0.0036882192362099886, 0.0035569206811487675, 0.18921001255512238, 0.00015918801364023238, 0.23604604601860046, 0.06045672670006752]",[0]
1.0,8,1.5723438502778557,federaser,0.936,[0],sample,"[0.49999988079071045, 2.363005478400737e-05, 0.04879780858755112, 3.531408219714649e-05, 7.1737464168109e-05, 0.0006956894067116082, 0.0006245159893296659, 7.02858014847152e-05, 0.11018942296504974, 0.3394917845726013]",[0]
1.0,2,4.911785607824386,federaser,0.972,[0],sample,"[0.4999980628490448, 0.030424676835536957, 0.012572563253343105, 1.9457391317700967e-05, 1.123868059949018e-05, 0.00436022924259305, 0.0009438294218853116, 0.0022165284026414156, 0.36848995089530945, 0.08096349984407425]",[0]
1.0,9,4.20509183229983,federaser,0.969,[0],sample,"[0.4999992847442627, 0.00017414426838513464, 0.0651349350810051, 1.8994925994775258e-05, 0.07012689858675003, 0.0030363784171640873, 0.09283259510993958, 0.015387626364827156, 0.182174414396286, 0.0711146742105484]",[0]
1.0,4,2.0727986407718877,federaser,0.965,[0],sample,"[0.5000000596046448, 2.9784790967823938e-05, 0.006809634622186422, 4.341416934039444e-05, 0.0036882192362099886, 0.0035569206811487675, 0.18921001255512238, 0.00015918801364023238, 0.23604604601860046, 0.06045672670006752]",[0]
1.0,7,4.200678672307687,federaser,0.972,[0],sample,"[0.5000016093254089, 0.00022215551871340722, 0.268001526594162, 6.362935528159142e-05, 0.009478256106376648, 0.0003017630660906434, 0.1377197951078415, 0.0007772167446091771, 0.05617418885231018, 0.027259917929768562]",[0]
1.0,4,2.8531027865618364,federaser,0.965,[0],sample,"[0.5000000596046448, 2.9784790967823938e-05, 0.006809634622186422, 4.341416934039444e-05, 0.0036882192362099886, 0.0035569206811487675, 0.18921001255512238, 0.00015918801364023238, 0.23604604601860046, 0.06045672670006752]",[0]
1.0,2,6.991393203916378,federaser,0.972,[0],sample,"[0.4999980628490448, 0.030424676835536957, 0.012572563253343105, 1.9457391317700967e-05, 1.123868059949018e-05, 0.00436022924259305, 0.0009438294218853116, 0.0022165284026414156, 0.36848995089530945, 0.08096349984407425]",[0]
1.0,1,7.178689890075124,federaser,0.972,[0],sample,"[0.5000017881393433, 0.00014856437337584794, 0.053657401353120804, 1.1373366760381032e-05, 0.00028079835465177894, 0.03199627995491028, 0.007352103013545275, 0.0005641414900310338, 0.29126036167144775, 0.11472726613283157]",[0]
1.0,9,3.268306123787165,federaser,0.969,[0],class,"[0.4999998211860657, 0.013586850836873055, 0.046755556017160416, 5.1924012950621545e-05, 0.005944571923464537, 0.003535100957378745, 0.05792412534356117, 0.0020494619384407997, 0.16254094243049622, 0.20761162042617798]",[0]
1.0,0,4.180987692750425,federaser,0.969,[0],class,"[0.4999998211860657, 0.013586850836873055, 0.046755556017160416, 5.1924012950621545e-05, 0.005944571923464537, 0.003535100957378745, 0.05792412534356117, 0.0020494619384407997, 0.16254094243049622, 0.20761162042617798]",[0]
1.0,5,4.202538779384943,federaser,0.969,[0],class,"[0.4999998211860657, 0.013586850836873055, 0.046755556017160416, 5.1924012950621545e-05, 0.005944571923464537, 0.003535100957378745, 0.05792412534356117, 0.0020494619384407997, 0.16254094243049622, 0.20761162042617798]",[0]
1.0,7,3.758827883841258,federaser,0.969,[0],class,"[0.4999998211860657, 0.013586850836873055, 0.046755556017160416, 5.1924012950621545e-05, 0.005944571923464537, 0.003535100957378745, 0.05792412534356117, 0.0020494619384407997, 0.16254094243049622, 0.20761162042617798]",[0]
1.0,9,3.7995151658362984,federaser,0.969,[0],class,"[0.4999998211860657, 0.013586850836873055, 0.046755556017160416, 5.1924012950621545e-05, 0.005944571923464537, 0.003535100957378745, 0.05792412534356117, 0.0020494619384407997, 0.16254094243049622, 0.20761162042617798]",[0]
1.0,7,2.737682814071036,federaser,0.969,[0],class,"[0.4999998211860657, 0.013586850836873055, 0.046755556017160416, 5.1924012950621545e-05, 0.005944571923464537, 0.003535100957378745, 0.05792412534356117, 0.0020494619384407997, 0.16254094243049622, 0.20761162042617798]",[0]
1.0,9,4.6382031935741646,federaser,0.969,[0],class,"[0.4999998211860657, 0.013586850836873055, 0.046755556017160416, 5.1924012950621545e-05, 0.005944571923464537, 0.003535100957378745, 0.05792412534356117, 0.0020494619384407997, 0.16254094243049622, 0.20761162042617798]",[0]
1.0,6,2.8987092110349226,federaser,0.969,[0],class,"[0.4999998211860657, 0.013586850836873055, 0.046755556017160416, 5.1924012950621545e-05, 0.005944571923464537, 0.003535100957378745, 0.05792412534356117, 0.0020494619384407997, 0.16254094243049622, 0.20761162042617798]",[0]
1.0,1,3.9910778553849333,federaser,0.969,[0],class,"[0.4999998211860657, 0.013586850836873055, 0.046755556017160416, 5.1924012950621545e-05, 0.005944571923464537, 0.003535100957378745, 0.05792412534356117, 0.0020494619384407997, 0.16254094243049622, 0.20761162042617798]",[0]
1.0,2,2.3466160559292986,federaser,0.969,[0],class,"[0.4999998211860657, 0.013586850836873055, 0.046755556017160416, 5.1924012950621545e-05, 0.005944571923464537, 0.003535100957378745, 0.05792412534356117, 0.0020494619384407997, 0.16254094243049622, 0.20761162042617798]",[0]
1.0,3,3.9775812037932026,federaser,0.969,[0],class,"[0.4999998211860657, 0.013586850836873055, 0.046755556017160416, 5.1924012950621545e-05, 0.005944571923464537, 0.003535100957378745, 0.05792412534356117, 0.0020494619384407997, 0.16254094243049622, 0.20761162042617798]",[0]
1.0,6,2.1905480261413106,federaser,0.969,[0],class,"[0.4999998211860657, 0.013586850836873055, 0.046755556017160416, 5.1924012950621545e-05, 0.005944571923464537, 0.003535100957378745, 0.05792412534356117, 0.0020494619384407997, 0.16254094243049622, 0.20761162042617798]",[0]
1.0,8,5.605531525035241,federaser,0.969,[0],class,"[0.4999998211860657, 0.013586850836873055, 0.046755556017160416, 5.1924012950621545e-05, 0.005944571923464537, 0.003535100957378745, 0.05792412534356117, 0.0020494619384407997, 0.16254094243049622, 0.20761162042617798]",[0]
1.0,9,3.011136110483155,federaser,0.969,[0],class,"[0.4999998211860657, 0.013586850836873055, 0.046755556017160416, 5.1924012950621545e-05, 0.005944571923464537, 0.003535100957378745, 0.05792412534356117, 0.0020494619384407997, 0.16254094243049622, 0.20761162042617798]",[0]
1.0,2,2.48491649286909,federaser,0.969,[0],class,"[0.4999998211860657, 0.013586850836873055, 0.046755556017160416, 5.1924012950621545e-05, 0.005944571923464537, 0.003535100957378745, 0.05792412534356117, 0.0020494619384407997, 0.16254094243049622, 0.20761162042617798]",[0]
1.0,2,2.604863604627681,federaser,0.969,[0],class,"[0.4999998211860657, 0.013586850836873055, 0.046755556017160416, 5.1924012950621545e-05, 0.005944571923464537, 0.003535100957378745, 0.05792412534356117, 0.0020494619384407997, 0.16254094243049622, 0.20761162042617798]",[0]
1.0,4,4.858751395857896,federaser,0.969,[0],class,"[0.4999998211860657, 0.013586850836873055, 0.046755556017160416, 5.1924012950621545e-05, 0.005944571923464537, 0.003535100957378745, 0.05792412534356117, 0.0020494619384407997, 0.16254094243049622, 0.20761162042617798]",[0]
1.0,1,3.6784679832330838,federaser,0.969,[0],class,"[0.4999998211860657, 0.013586850836873055, 0.046755556017160416, 5.1924012950621545e-05, 0.005944571923464537, 0.003535100957378745, 0.05792412534356117, 0.0020494619384407997, 0.16254094243049622, 0.20761162042617798]",[0]
1.0,2,2.269822058919725,federaser,0.969,[0],class,"[0.4999998211860657, 0.013586850836873055, 0.046755556017160416, 5.1924012950621545e-05, 0.005944571923464537, 0.003535100957378745, 0.05792412534356117, 0.0020494619384407997, 0.16254094243049622, 0.20761162042617798]",[0]
1.0,2,2.921154330111767,federaser,0.969,[0],class,"[0.4999998211860657, 0.013586850836873055, 0.046755556017160416, 5.1924012950621545e-05, 0.005944571923464537, 0.003535100957378745, 0.05792412534356117, 0.0020494619384407997, 0.16254094243049622, 0.20761162042617798]",[0]
1.0,9,3.815964908278618,federaser,0.969,[0],class,"[0.4999998211860657, 0.013586850836873055, 0.046755556017160416, 5.1924012950621545e-05, 0.005944571923464537, 0.003535100957378745, 0.05792412534356117, 0.0020494619384407997, 0.16254094243049622, 0.20761162042617798]",[0]
1.0,8,6.600366740697273,federaser,0.969,[0],class,"[0.4999998211860657, 0.013586850836873055, 0.046755556017160416, 5.1924012950621545e-05, 0.005944571923464537, 0.003535100957378745, 0.05792412534356117, 0.0020494619384407997, 0.16254094243049622, 0.20761162042617798]",[0]
1.0,6,1.5972873377647006,federaser,0.969,[0],class,"[0.4999998211860657, 0.013586850836873055, 0.046755556017160416, 5.1924012950621545e-05, 0.005944571923464537, 0.003535100957378745, 0.05792412534356117, 0.0020494619384407997, 0.16254094243049622, 0.20761162042617798]",[0]
1.0,2,2.2905088447563675,federaser,0.969,[0],class,"[0.4999998211860657, 0.013586850836873055, 0.046755556017160416, 5.1924012950621545e-05, 0.005944571923464537, 0.003535100957378745, 0.05792412534356117, 0.0020494619384407997, 0.16254094243049622, 0.20761162042617798]",[0]
1.0,0,5.668598213491687,federaser,0.969,[0],class,"[0.4999998211860657, 0.013586850836873055, 0.046755556017160416, 5.1924012950621545e-05, 0.005944571923464537, 0.003535100957378745, 0.05792412534356117, 0.0020494619384407997, 0.16254094243049622, 0.20761162042617798]",[0]
1.0,7,3.1309951635495876,federaser,0.969,[0],class,"[0.4999998211860657, 0.013586850836873055, 0.046755556017160416, 5.1924012950621545e-05, 0.005944571923464537, 0.003535100957378745, 0.05792412534356117, 0.0020494619384407997, 0.16254094243049622, 0.20761162042617798]",[0]
1.0,4,5.129264289446039,federaser,0.969,[0],class,"[0.4999998211860657, 0.013586850836873055, 0.046755556017160416, 5.1924012950621545e-05, 0.005944571923464537, 0.003535100957378745, 0.05792412534356117, 0.0020494619384407997, 0.16254094243049622, 0.20761162042617798]",[0]
1.0,8,5.063431232441086,federaser,0.969,[0],class,"[0.4999998211860657, 0.013586850836873055, 0.046755556017160416, 5.1924012950621545e-05, 0.005944571923464537, 0.003535100957378745, 0.05792412534356117, 0.0020494619384407997, 0.16254094243049622, 0.20761162042617798]",[0]
1.0,5,4.552904431263839,federaser,0.969,[0],class,"[0.4999998211860657, 0.013586850836873055, 0.046755556017160416, 5.1924012950621545e-05, 0.005944571923464537, 0.003535100957378745, 0.05792412534356117, 0.0020494619384407997, 0.16254094243049622, 0.20761162042617798]",[0]
1.0,7,4.761143353998496,federaser,0.969,[0],class,"[0.4999998211860657, 0.013586850836873055, 0.046755556017160416, 5.1924012950621545e-05, 0.005944571923464537, 0.003535100957378745, 0.05792412534356117, 0.0020494619384407997, 0.16254094243049622, 0.20761162042617798]",[0]
1.0,2,7.73527313724434,federaser,0.972,[0],client,"[0.4999980628490448, 0.030424676835536957, 0.012572563253343105, 1.9457391317700967e-05, 1.123868059949018e-05, 0.00436022924259305, 0.0009438294218853116, 0.0022165284026414156, 0.36848995089530945, 0.08096349984407425]",[0]
1.0,1,6.575075483702758,federaser,0.972,[0],client,"[0.5000017881393433, 0.00014856437337584794, 0.053657401353120804, 1.1373366760381032e-05, 0.00028079835465177894, 0.03199627995491028, 0.007352103013545275, 0.0005641414900310338, 0.29126036167144775, 0.11472726613283157]",[0]
1.0,1,8.980010804051338,federaser,0.972,[0],client,"[0.5000017881393433, 0.00014856437337584794, 0.053657401353120804, 1.1373366760381032e-05, 0.00028079835465177894, 0.03199627995491028, 0.007352103013545275, 0.0005641414900310338, 0.29126036167144775, 0.11472726613283157]",[0]
1.0,0,9.607832244729538,federaser,0.972,[0],client,"[0.500001847743988, 0.00010512736480450258, 0.07557325810194016, 5.364095159166027e-07, 0.00011661388271022588, 0.0008924207650125027, 0.012152301147580147, 0.00011841358355013654, 0.2837132215499878, 0.12732629477977753]",[0]
1.0,0,9.75875239139703,federaser,0.972,[0],client,"[0.500001847743988, 0.00010512736480450258, 0.07557325810194016, 5.364095159166027e-07, 0.00011661388271022588, 0.0008924207650125027, 0.012152301147580147, 0.00011841358355013654, 0.2837132215499878, 0.12732629477977753]",[0]
1.0,1,9.545987640696884,federaser,0.972,[0],client,"[0.5000017881393433, 0.00014856437337584794, 0.053657401353120804, 1.1373366760381032e-05, 0.00028079835465177894, 0.03199627995491028, 0.007352103013545275, 0.0005641414900310338, 0.29126036167144775, 0.11472726613283157]",[0]
1.0,8,1.5280836731697593,federaser,0.936,[0],client,"[0.49999988079071045, 2.363005478400737e-05, 0.04879780858755112, 3.531408219714649e-05, 7.1737464168109e-05, 0.0006956894067116082, 0.0006245159893296659, 7.02858014847152e-05, 0.11018942296504974, 0.3394917845726013]",[0]
1.0,9,4.378623627415861,federaser,0.969,[0],client,"[0.4999992847442627, 0.00017414426838513464, 0.0651349350810051, 1.8994925994775258e-05, 0.07012689858675003, 0.0030363784171640873, 0.09283259510993958, 0.015387626364827156, 0.182174414396286, 0.0711146742105484]",[0]
1.0,7,8.85045312607102,federaser,0.972,[0],client,"[0.5000016093254089, 0.00022215551871340722, 0.268001526594162, 6.362935528159142e-05, 0.009478256106376648, 0.0003017630660906434, 0.1377197951078415, 0.0007772167446091771, 0.05617418885231018, 0.027259917929768562]",[0]
1.0,3,2.052666037012268,federaser,0.963,[0],client,"[0.5000000596046448, 0.0698833242058754, 0.016858618706464767, 7.441380876116455e-05, 0.0008256318978965282, 0.003077625297009945, 0.047365933656692505, 0.00010910927085205913, 0.15558212995529175, 0.20622317492961884]",[0]
1.0,5,2.3707553119787206,federaser,0.964,[0],client,"[0.49999937415122986, 0.0002210569946328178, 0.05143815651535988, 0.00010802837641676888, 3.277785435784608e-05, 0.007082272320985794, 0.0010299398563802242, 0.006714143790304661, 0.06251002103090286, 0.37086430191993713]",[0]
1.0,8,1.436137670970261,federaser,0.936,[0],client,"[0.49999988079071045, 2.363005478400737e-05, 0.04879780858755112, 3.531408219714649e-05, 7.1737464168109e-05, 0.0006956894067116082, 0.0006245159893296659, 7.02858014847152e-05, 0.11018942296504974, 0.3394917845726013]",[0]
1.0,1,7.073715414819672,federaser,0.972,[0],client,"[0.5000017881393433, 0.00014856437337584794, 0.053657401353120804, 1.1373366760381032e-05, 0.00028079835465177894, 0.03199627995491028, 0.007352103013545275, 0.0005641414900310338, 0.29126036167144775, 0.11472726613283157]",[0]
1.0,9,5.283092877277988,federaser,0.969,[0],client,"[0.4999992847442627, 0.00017414426838513464, 0.0651349350810051, 1.8994925994775258e-05, 0.07012689858675003, 0.0030363784171640873, 0.09283259510993958, 0.015387626364827156, 0.182174414396286, 0.0711146742105484]",[0]
1.0,3,2.2956923651213574,federaser,0.963,[0],client,"[0.5000000596046448, 0.0698833242058754, 0.016858618706464767, 7.441380876116455e-05, 0.0008256318978965282, 0.003077625297009945, 0.047365933656692505, 0.00010910927085205913, 0.15558212995529175, 0.20622317492961884]",[0]
1.0,3,2.2452515347103104,federaser,0.963,[0],client,"[0.5000000596046448, 0.0698833242058754, 0.016858618706464767, 7.441380876116455e-05, 0.0008256318978965282, 0.003077625297009945, 0.047365933656692505, 0.00010910927085205913, 0.15558212995529175, 0.20622317492961884]",[0]
1.0,6,9.040762340738807,federaser,0.971,[0],client,"[0.4999983012676239, 0.003734293859452009, 0.03222592920064926, 0.00010157572978641838, 0.001969875767827034, 0.005526405293494463, 0.07389885187149048, 0.00022459024330601096, 0.023571282625198364, 0.35874900221824646]",[0]
1.0,0,5.471820031258254,federaser,0.972,[0],client,"[0.500001847743988, 0.00010512736480450258, 0.07557325810194016, 5.364095159166027e-07, 0.00011661388271022588, 0.0008924207650125027, 0.012152301147580147, 0.00011841358355013654, 0.2837132215499878, 0.12732629477977753]",[0]
1.0,6,6.26533873795009,federaser,0.971,[0],client,"[0.4999983012676239, 0.003734293859452009, 0.03222592920064926, 0.00010157572978641838, 0.001969875767827034, 0.005526405293494463, 0.07389885187149048, 0.00022459024330601096, 0.023571282625198364, 0.35874900221824646]",[0]
1.0,7,6.5752559047852595,federaser,0.972,[0],client,"[0.5000016093254089, 0.00022215551871340722, 0.268001526594162, 6.362935528159142e-05, 0.009478256106376648, 0.0003017630660906434, 0.1377197951078415, 0.0007772167446091771, 0.05617418885231018, 0.027259917929768562]",[0]
1.0,2,5.191735046805215,federaser,0.972,[0],client,"[0.4999980628490448, 0.030424676835536957, 0.012572563253343105, 1.9457391317700967e-05, 1.123868059949018e-05, 0.00436022924259305, 0.0009438294218853116, 0.0022165284026414156, 0.36848995089530945, 0.08096349984407425]",[0]
1.0,3,1.9786762975022927,federaser,0.963,[0],client,"[0.5000000596046448, 0.0698833242058754, 0.016858618706464767, 7.441380876116455e-05, 0.0008256318978965282, 0.003077625297009945, 0.047365933656692505, 0.00010910927085205913, 0.15558212995529175, 0.20622317492961884]",[0]
1.0,4,1.956806706071375,federaser,0.965,[0],client,"[0.5000000596046448, 2.9784790967823938e-05, 0.006809634622186422, 4.341416934039444e-05, 0.0036882192362099886, 0.0035569206811487675, 0.18921001255512238, 0.00015918801364023238, 0.23604604601860046, 0.06045672670006752]",[0]
1.0,2,4.064972532347721,federaser,0.972,[0],client,"[0.4999980628490448, 0.030424676835536957, 0.012572563253343105, 1.9457391317700967e-05, 1.123868059949018e-05, 0.00436022924259305, 0.0009438294218853116, 0.0022165284026414156, 0.36848995089530945, 0.08096349984407425]",[0]
1.0,1,5.576130159008519,federaser,0.972,[0],client,"[0.5000017881393433, 0.00014856437337584794, 0.053657401353120804, 1.1373366760381032e-05, 0.00028079835465177894, 0.03199627995491028, 0.007352103013545275, 0.0005641414900310338, 0.29126036167144775, 0.11472726613283157]",[0]
1.0,9,5.619663843688969,federaser,0.969,[0],client,"[0.4999992847442627, 0.00017414426838513464, 0.0651349350810051, 1.8994925994775258e-05, 0.07012689858675003, 0.0030363784171640873, 0.09283259510993958, 0.015387626364827156, 0.182174414396286, 0.0711146742105484]",[0]
1.0,6,6.812617632763683,federaser,0.971,[0],client,"[0.4999983012676239, 0.003734293859452009, 0.03222592920064926, 0.00010157572978641838, 0.001969875767827034, 0.005526405293494463, 0.07389885187149048, 0.00022459024330601096, 0.023571282625198364, 0.35874900221824646]",[0]
1.0,7,7.476256051120961,federaser,0.972,[0],client,"[0.5000016093254089, 0.00022215551871340722, 0.268001526594162, 6.362935528159142e-05, 0.009478256106376648, 0.0003017630660906434, 0.1377197951078415, 0.0007772167446091771, 0.05617418885231018, 0.027259917929768562]",[0]
1.0,2,3.7054796378262296,federaser,0.972,[0],client,"[0.4999980628490448, 0.030424676835536957, 0.012572563253343105, 1.9457391317700967e-05, 1.123868059949018e-05, 0.00436022924259305, 0.0009438294218853116, 0.0022165284026414156, 0.36848995089530945, 0.08096349984407425]",[0]
1.0,9,5.4092665609729345,federaser,0.969,[0],client,"[0.4999992847442627, 0.00017414426838513464, 0.0651349350810051, 1.8994925994775258e-05, 0.07012689858675003, 0.0030363784171640873, 0.09283259510993958, 0.015387626364827156, 0.182174414396286, 0.0711146742105484]",[0]
1.0,2,5.7106564295798865,rapid_retrain,0.972,[0],sample,"[0.4999980628490448, 0.030424676835536957, 0.012572563253343105, 1.9457391317700967e-05, 1.123868059949018e-05, 0.00436022924259305, 0.0009438294218853116, 0.0022165284026414156, 0.36848995089530945, 0.08096349984407425]",[0]
1.0,4,2.4865539450512584,rapid_retrain,0.965,[0],sample,"[0.5000000596046448, 2.9784790967823938e-05, 0.006809634622186422, 4.341416934039444e-05, 0.0036882192362099886, 0.0035569206811487675, 0.18921001255512238, 0.00015918801364023238, 0.23604604601860046, 0.06045672670006752]",[0]
1.0,5,2.928694333547562,rapid_retrain,0.964,[0],sample,"[0.49999937415122986, 0.0002210569946328178, 0.05143815651535988, 0.00010802837641676888, 3.277785435784608e-05, 0.007082272320985794, 0.0010299398563802242, 0.006714143790304661, 0.06251002103090286, 0.37086430191993713]",[0]
1.0,8,1.7518860036090331,rapid_retrain,0.936,[0],sample,"[0.49999988079071045, 2.363005478400737e-05, 0.04879780858755112, 3.531408219714649e-05, 7.1737464168109e-05, 0.0006956894067116082, 0.0006245159893296659, 7.02858014847152e-05, 0.11018942296504974, 0.3394917845726013]",[0]
1.0,7,8.214285787559263,rapid_retrain,0.972,[0],sample,"[0.5000016093254089, 0.00022215551871340722, 0.268001526594162, 6.362935528159142e-05, 0.009478256106376648, 0.0003017630660906434, 0.1377197951078415, 0.0007772167446091771, 0.05617418885231018, 0.027259917929768562]",[0]
1.0,6,3.8337394040296298,rapid_retrain,0.971,[0],sample,"[0.4999983012676239, 0.003734293859452009, 0.03222592920064926, 0.00010157572978641838, 0.001969875767827034, 0.005526405293494463, 0.07389885187149048, 0.00022459024330601096, 0.023571282625198364, 0.35874900221824646]",[0]
1.0,4,2.405181229650818,rapid_retrain,0.965,[0],sample,"[0.5000000596046448, 2.9784790967823938e-05, 0.006809634622186422, 4.341416934039444e-05, 0.0036882192362099886, 0.0035569206811487675, 0.18921001255512238, 0.00015918801364023238, 0.23604604601860046, 0.06045672670006752]",[0]
1.0,9,4.474973484117945,rapid_retrain,0.969,[0],sample,"[0.4999992847442627, 0.00017414426838513464, 0.0651349350810051, 1.8994925994775258e-05, 0.07012689858675003, 0.0030363784171640873, 0.09283259510993958, 0.015387626364827156, 0.182174414396286, 0.0711146742105484]",[0]
1.0,9,3.8626776744597335,rapid_retrain,0.969,[0],sample,"[0.4999992847442627, 0.00017414426838513464, 0.0651349350810051, 1.8994925994775258e-05, 0.07012689858675003, 0.0030363784171640873, 0.09283259510993958, 0.015387626364827156, 0.182174414396286, 0.0711146742105484]",[0]
1.0,9,5.376301331691379,rapid_retrain,0.969,[0],sample,"[0.4999992847442627, 0.00017414426838513464, 0.0651349350810051, 1.8994925994775258e-05, 0.07012689858675003, 0.0030363784171640873, 0.09283259510993958, 0.015387626364827156, 0.182174414396286, 0.0711146742105484]",[0]
1.0,0,8.880681569752783,rapid_retrain,0.972,[0],sample,"[0.500001847743988, 0.00010512736480450258, 0.07557325810194016, 5.364095159166027e-07, 0.00011661388271022588, 0.0008924207650125027, 0.012152301147580147, 0.00011841358355013654, 0.2837132215499878, 0.12732629477977753]",[0]
1.0,6,8.582470836905918,rapid_retrain,0.971,[0],sample,"[0.4999983012676239, 0.003734293859452009, 0.03222592920064926, 0.00010157572978641838, 0.001969875767827034, 0.005526405293494463, 0.07389885187149048, 0.00022459024330601096, 0.023571282625198364, 0.35874900221824646]",[0]
1.0,5,2.068552284369925,rapid_retrain,0.964,[0],sample,"[0.49999937415122986, 0.0002210569946328178, 0.05143815651535988, 0.00010802837641676888, 3.277785435784608e-05, 0.007082272320985794, 0.0010299398563802242, 0.006714143790304661, 0.06251002103090286, 0.37086430191993713]",[0]
1.0,9,3.3257189980396826,rapid_retrain,0.969,[0],sample,"[0.4999992847442627, 0.00017414426838513464, 0.0651349350810051, 1.8994925994775258e-05, 0.07012689858675003, 0.0030363784171640873, 0.09283259510993958, 0.015387626364827156, 0.182174414396286, 0.0711146742105484]",[0]
1.0,5,2.1332267707889456,rapid_retrain,0.964,[0],sample,"[0.49999937415122986, 0.0002210569946328178, 0.05143815651535988, 0.00010802837641676888, 3.277785435784608e-05, 0.007082272320985794, 0.0010299398563802242, 0.006714143790304661, 0.06251002103090286, 0.37086430191993713]",[0]
1.0,7,8.17219818485816,rapid_retrain,0.972,[0],sample,"[0.5000016093254089, 0.00022215551871340722, 0.268001526594162, 6.362935528159142e-05, 0.009478256106376648, 0.0003017630660906434, 0.1377197951078415, 0.0007772167446091771, 0.05617418885231018, 0.027259917929768562]",[0]
1.0,4,1.689636750908049,rapid_retrain,0.965,[0],sample,"[0.5000000596046448, 2.9784790967823938e-05, 0.006809634622186422, 4.341416934039444e-05, 0.0036882192362099886, 0.0035569206811487675, 0.18921001255512238, 0.00015918801364023238, 0.23604604601860046, 0.06045672670006752]",[0]
1.0,0,8.339385579415111,rapid_retrain,0.972,[0],sample,"[0.500001847743988, 0.00010512736480450258, 0.07557325810194016, 5.364095159166027e-07, 0.00011661388271022588, 0.0008924207650125027, 0.012152301147580147, 0.00011841358355013654, 0.2837132215499878, 0.12732629477977753]",[0]
1.0,0,9.580488355129097,rapid_retrain,0.972,[0],sample,"[0.500001847743988, 0.00010512736480450258, 0.07557325810194016, 5.364095159166027e-07, 0.00011661388271022588, 0.0008924207650125027, 0.012152301147580147, 0.00011841358355013654, 0.2837132215499878, 0.12732629477977753]",[0]
1.0,2,7.185441677127895,rapid_retrain,0.972,[0],sample,"[0.4999980628490448, 0.030424676835536957, 0.012572563253343105, 1.9457391317700967e-05, 1.123868059949018e-05, 0.00436022924259305, 0.0009438294218853116, 0.0022165284026414156, 0.36848995089530945, 0.08096349984407425]",[0]
1.0,2,5.571576832044834,rapid_retrain,0.972,[0],sample,"[0.4999980628490448, 0.030424676835536957, 0.012572563253343105, 1.9457391317700967e-05, 1.123868059949018e-05, 0.00436022924259305, 0.0009438294218853116, 0.0022165284026414156, 0.36848995089530945, 0.08096349984407425]",[0]
1.0,4,2.787626024664915,rapid_retrain,0.965,[0],sample,"[0.5000000596046448, 2.9784790967823938e-05, 0.006809634622186422, 4.341416934039444e-05, 0.0036882192362099886, 0.0035569206811487675, 0.18921001255512238, 0.00015918801364023238, 0.23604604601860046, 0.06045672670006752]",[0]
1.0,7,6.025212348001986,rapid_retrain,0.972,[0],sample,"[0.5000016093254089, 0.00022215551871340722, 0.268001526594162, 6.362935528159142e-05, 0.009478256106376648, 0.0003017630660906434, 0.1377197951078415, 0.0007772167446091771, 0.05617418885231018, 0.027259917929768562]",[0]
1.0,6,9.366242496544332,rapid_retrain,0.971,[0],sample,"[0.4999983012676239, 0.003734293859452009, 0.03222592920064926, 0.00010157572978641838, 0.001969875767827034, 0.005526405293494463, 0.07389885187149048, 0.00022459024330601096, 0.023571282625198364, 0.35874900221824646]",[0]
1.0,0,9.762458266312152,rapid_retrain,0.972,[0],sample,"[0.500001847743988, 0.00010512736480450258, 0.07557325810194016, 5.364095159166027e-07, 0.00011661388271022588, 0.0008924207650125027, 0.012152301147580147, 0.00011841358355013654, 0.2837132215499878, 0.12732629477977753]",[0]
1.0,3,2.0497731702571094,rapid_retrain,0.963,[0],sample,"[0.5000000596046448, 0.0698833242058754, 0.016858618706464767, 7.441380876116455e-05, 0.0008256318978965282, 0.003077625297009945, 0.047365933656692505, 0.00010910927085205913, 0.15558212995529175, 0.20622317492961884]",[0]
1.0,3,2.295039821073166,rapid_retrain,0.963,[0],sample,"[0.5000000596046448, 0.0698833242058754, 0.016858618706464767, 7.441380876116455e-05, 0.0008256318978965282, 0.003077625297009945, 0.047365933656692505, 0.00010910927085205913, 0.15558212995529175, 0.20622317492961884]",[0]
1.0,7,6.571607888595222,rapid_retrain,0.972,[0],sample,"[0.5000016093254089, 0.00022215551871340722, 0.268001526594162, 6.362935528159142e-05, 0.009478256106376648, 0.0003017630660906434, 0.1377197951078415, 0.0007772167446091771, 0.05617418885231018, 0.027259917929768562]",[0]
1.0,4,2.200594384920257,rapid_retrain,0.965,[0],sample,"[0.5000000596046448, 2.9784790967823938e-05, 0.006809634622186422, 4.341416934039444e-05, 0.0036882192362099886, 0.0035569206811487675, 0.18921001255512238, 0.00015918801364023238, 0.23604604601860046, 0.06045672670006752]",[0]
1.0,9,5.177227750986251,rapid_retrain,0.969,[0],sample,"[0.4999992847442627, 0.00017414426838513464, 0.0651349350810051, 1.8994925994775258e-05, 0.07012689858675003, 0.0030363784171640873, 0.09283259510993958, 0.015387626364827156, 0.182174414396286, 0.0711146742105484]",[0]
1.0,0,3.4236121144842997,rapid_retrain,0.969,[0],class,"[0.4999998211860657, 0.013586850836873055, 0.046755556017160416, 5.1924012950621545e-05, 0.005944571923464537, 0.003535100957378745, 0.05792412534356117, 0.0020494619384407997, 0.16254094243049622, 0.20761162042617798]",[0]
1.0,0,4.060665810772948,rapid_retrain,0.969,[0],class,"[0.4999998211860657, 0.013586850836873055, 0.046755556017160416, 5.1924012950621545e-05, 0.005944571923464537, 0.003535100957378745, 0.05792412534356117, 0.0020494619384407997, 0.16254094243049622, 0.20761162042617798]",[0]
1.0,3,4.879226462086294,rapid_retrain,0.969,[0],class,"[0.4999998211860657, 0.013586850836873055, 0.046755556017160416, 5.1924012950621545e-05, 0.005944571923464537, 0.003535100957378745, 0.05792412534356117, 0.0020494619384407997, 0.16254094243049622, 0.20761162042617798]",[0]
1.0,1,2.7939506139986996,rapid_retrain,0.969,[0],class,"[0.4999998211860657, 0.013586850836873055, 0.046755556017160416, 5.1924012950621545e-05, 0.005944571923464537, 0.003535100957378745, 0.05792412534356117, 0.0020494619384407997, 0.16254094243049622, 0.20761162042617798]",[0]
1.0,7,3.1683852629872598,rapid_retrain,0.969,[0],class,"[0.4999998211860657, 0.013586850836873055, 0.046755556017160416, 5.1924012950621545e-05, 0.005944571923464537, 0.003535100957378745, 0.05792412534356117, 0.0020494619384407997, 0.16254094243049622, 0.20761162042617798]",[0]
1.0,8,5.196407053795012,rapid_retrain,0.969,[0],class,"[0.4999998211860657, 0.013586850836873055, 0.046755556017160416, 5.1924012950621545e-05, 0.005944571923464537, 0.003535100957378745, 0.05792412534356117, 0.0020494619384407997, 0.16254094243049622, 0.20761162042617798]",[0]
1.0,7,4.444130168491645,rapid_retrain,0.969,[0],class,"[0.4999998211860657, 0.013586850836873055, 0.046755556017160416, 5.1924012950621545e-05, 0.005944571923464537, 0.003535100957378745, 0.05792412534356117, 0.0020494619384407997, 0.16254094243049622, 0.20761162042617798]",[0]
1.0,1,2.0214613235551586,rapid_retrain,0.969,[0],class,"[0.4999998211860657, 0.013586850836873055, 0.046755556017160416, 5.1924012950621545e-05, 0.005944571923464537, 0.003535100957378745, 0.05792412534356117, 0.0020494619384407997, 0.16254094243049622, 0.20761162042617798]",[0]
1.0,4,5.976071896721537,rapid_retrain,0.969,[0],class,"[0.4999998211860657, 0.013586850836873055, 0.046755556017160416, 5.1924012950621545e-05, 0.005944571923464537, 0.003535100957378745, 0.05792412534356117, 0.0020494619384407997, 0.16254094243049622, 0.20761162042617798]",[0]
1.0,1,3.6124463101907334,rapid_retrain,0.969,[0],class,"[0.4999998211860657, 0.013586850836873055, 0.046755556017160416, 5.1924012950621545e-05, 0.005944571923464537, 0.003535100957378745, 0.05792412534356117, 0.0020494619384407997, 0.16254094243049622, 0.20761162042617798]",[0]
1.0,7,3.117944107877533,rapid_retrain,0.969,[0],class,"[0.4999998211860657, 0.013586850836873055, 0.046755556017160416, 5.1924012950621545e-05, 0.005944571923464537, 0.003535100957378745, 0.05792412534356117, 0.0020494619384407997, 0.16254094243049622, 0.20761162042617798]",[0]
1.0,4,4.116592359596805,rapid_retrain,0.969,[0],class,"[0.4999998211860657, 0.013586850836873055, 0.046755556017160416, 5.1924012950621545e-05, 0.005944571923464537, 0.003535100957378745, 0.05792412534356117, 0.0020494619384407997, 0.16254094243049622, 0.20761162042617798]",[0]
1.0,7,2.9774448548632138,rapid_retrain,0.969,[0],class,"[0.4999998211860657, 0.013586850836873055, 0.046755556017160416, 5.1924012950621545e-05, 0.005944571923464537, 0.003535100957378745, 0.05792412534356117, 0.0020494619384407997, 0.16254094243049622, 0.20761162042617798]",[0]
1.0,2,2.366831112298914,rapid_retrain,0.969,[0],class,"[0.4999998211860657, 0.013586850836873055, 0.046755556017160416, 5.1924012950621545e-05, 0.005944571923464537, 0.003535100957378745, 0.05792412534356117, 0.0020494619384407997, 0.16254094243049622, 0.20761162042617798]",[0]
1.0,3,5.7370264453726465,rapid_retrain,0.969,[0],class,"[0.4999998211860657, 0.013586850836873055, 0.046755556017160416, 5.1924012950621545e-05, 0.005944571923464537, 0.003535100957378745, 0.05792412534356117, 0.0020494619384407997, 0.16254094243049622, 0.20761162042617798]",[0]
1.0,5,4.883745293295525,rapid_retrain,0.969,[0],class,"[0.4999998211860657, 0.013586850836873055, 0.046755556017160416, 5.1924012950621545e-05, 0.005944571923464537, 0.003535100957378745, 0.05792412534356117, 0.0020494619384407997, 0.16254094243049622, 0.20761162042617798]",[0]
1.0,1,2.3920416530566064,rapid_retrain,0.969,[0],class,"[0.4999998211860657, 0.013586850836873055, 0.046755556017160416, 5.1924012950621545e-05, 0.005944571923464537, 0.003535100957378745, 0.05792412534356117, 0.0020494619384407997, 0.16254094243049622, 0.20761162042617798]",[0]
1.0,0,3.497057987456525,rapid_retrain,0.969,[0],class,"[0.4999998211860657, 0.013586850836873055, 0.046755556017160416, 5.1924012950621545e-05, 0.005944571923464537, 0.003535100957378745, 0.05792412534356117, 0.0020494619384407997, 0.16254094243049622, 0.20761162042617798]",[0]
1.0,9,3.6103355528083645,rapid_retrain,0.969,[0],class,"[0.4999998211860657, 0.013586850836873055, 0.046755556017160416, 5.1924012950621545e-05, 0.005944571923464537, 0.003535100957378745, 0.05792412534356117, 0.0020494619384407997, 0.16254094243049622, 0.20761162042617798]",[0]
1.0,4,3.772522620146963,rapid_retrain,0.969,[0],class,"[0.4999998211860657, 0.013586850836873055, 0.046755556017160416, 5.1924012950621545e-05, 0.005944571923464537, 0.003535100957378745, 0.05792412534356117, 0.0020494619384407997, 0.16254094243049622, 0.20761162042617798]",[0]
1.0,5,3.997081375081314,rapid_retrain,0.969,[0],class,"[0.4999998211860657, 0.013586850836873055, 0.046755556017160416, 5.1924012950621545e-05, 0.005944571923464537, 0.003535100957378745, 0.05792412534356117, 0.0020494619384407997, 0.16254094243049622, 0.20761162042617798]",[0]
1.0,2,3.263152891247328,rapid_retrain,0.969,[0],class,"[0.4999998211860657, 0.013586850836873055, 0.046755556017160416, 5.1924012950621545e-05, 0.005944571923464537, 0.003535100957378745, 0.05792412534356117, 0.0020494619384407997, 0.16254094243049622, 0.20761162042617798]",[0]
1.0,0,5.062999082042149,rapid_retrain,0.969,[0],class,"[0.4999998211860657, 0.013586850836873055, 0.046755556017160416, 5.1924012950621545e-05, 0.005944571923464537, 0.003535100957378745, 0.05792412534356117, 0.0020494619384407997, 0.16254094243049622, 0.20761162042617798]",[0]
1.0,1,3.0162081017779685,rapid_retrain,0.969,[0],class,"[0.4999998211860657, 0.013586850836873055, 0.046755556017160416, 5.1924012950621545e-05, 0.005944571923464537, 0.003535100957378745, 0.05792412534356117, 0.0020494619384407997, 0.16254094243049622, 0.20761162042617798]",[0]
1.0,4,4.688151598754866,rapid_retrain,0.969,[0],class,"[0.4999998211860657, 0.013586850836873055, 0.046755556017160416, 5.1924012950621545e-05, 0.005944571923464537, 0.003535100957378745, 0.05792412534356117, 0.0020494619384407997, 0.16254094243049622, 0.20761162042617798]",[0]
1.0,6,1.526874092526304,rapid_retrain,0.969,[0],class,"[0.4999998211860657, 0.013586850836873055, 0.046755556017160416, 5.1924012950621545e-05, 0.005944571923464537, 0.003535100957378745, 0.05792412534356117, 0.0020494619384407997, 0.16254094243049622, 0.20761162042617798]",[0]
1.0,7,4.387925998070574,rapid_retrain,0.969,[0],class,"[0.4999998211860657, 0.013586850836873055, 0.046755556017160416, 5.1924012950621545e-05, 0.005944571923464537, 0.003535100957378745, 0.05792412534356117, 0.0020494619384407997, 0.16254094243049622, 0.20761162042617798]",[0]
1.0,4,5.342824608416526,rapid_retrain,0.969,[0],class,"[0.4999998211860657, 0.013586850836873055, 0.046755556017160416, 5.1924012950621545e-05, 0.005944571923464537, 0.003535100957378745, 0.05792412534356117, 0.0020494619384407997, 0.16254094243049622, 0.20761162042617798]",[0]
1.0,1,3.818106344173094,rapid_retrain,0.969,[0],class,"[0.4999998211860657, 0.013586850836873055, 0.046755556017160416, 5.1924012950621545e-05, 0.005944571923464537, 0.003535100957378745, 0.05792412534356117, 0.0020494619384407997, 0.16254094243049622, 0.20761162042617798]",[0]
1.0,1,3.8807155061773777,rapid_retrain,0.969,[0],class,"[0.4999998211860657, 0.013586850836873055, 0.046755556017160416, 5.1924012950621545e-05, 0.005944571923464537, 0.003535100957378745, 0.05792412534356117, 0.0020494619384407997, 0.16254094243049622, 0.20761162042617798]",[0]
1.0,5,2.5367216782393336,rapid_retrain,0.964,[0],client,"[0.49999937415122986, 0.0002210569946328178, 0.05143815651535988, 0.00010802837641676888, 3.277785435784608e-05, 0.007082272320985794, 0.0010299398563802242, 0.006714143790304661, 0.06251002103090286, 0.37086430191993713]",[0]
1.0,1,5.119481993966198,rapid_retrain,0.972,[0],client,"[0.5000017881393433, 0.00014856437337584794, 0.053657401353120804, 1.1373366760381032e-05, 0.00028079835465177894, 0.03199627995491028, 0.007352103013545275, 0.0005641414900310338, 0.29126036167144775, 0.11472726613283157]",[0]
1.0,0,11.41491064968132,rapid_retrain,0.972,[0],client,"[0.500001847743988, 0.00010512736480450258, 0.07557325810194016, 5.364095159166027e-07, 0.00011661388271022588, 0.0008924207650125027, 0.012152301147580147, 0.00011841358355013654, 0.2837132215499878, 0.12732629477977753]",[0]
1.0,0,14.143446116345014,rapid_retrain,0.972,[0],client,"[0.500001847743988, 0.00010512736480450258, 0.07557325810194016, 5.364095159166027e-07, 0.00011661388271022588, 0.0008924207650125027, 0.012152301147580147, 0.00011841358355013654, 0.2837132215499878, 0.12732629477977753]",[0]
1.0,6,7.132297461629625,rapid_retrain,0.971,[0],client,"[0.4999983012676239, 0.003734293859452009, 0.03222592920064926, 0.00010157572978641838, 0.001969875767827034, 0.005526405293494463, 0.07389885187149048, 0.00022459024330601096, 0.023571282625198364, 0.35874900221824646]",[0]
1.0,1,10.18552428455577,rapid_retrain,0.972,[0],client,"[0.5000017881393433, 0.00014856437337584794, 0.053657401353120804, 1.1373366760381032e-05, 0.00028079835465177894, 0.03199627995491028, 0.007352103013545275, 0.0005641414900310338, 0.29126036167144775, 0.11472726613283157]",[0]
1.0,8,1.364183677288762,rapid_retrain,0.936,[0],client,"[0.49999988079071045, 2.363005478400737e-05, 0.04879780858755112, 3.531408219714649e-05, 7.1737464168109e-05, 0.0006956894067116082, 0.0006245159893296659, 7.02858014847152e-05, 0.11018942296504974, 0.3394917845726013]",[0]
1.0,2,7.108846412110555,rapid_retrain,0.972,[0],client,"[0.4999980628490448, 0.030424676835536957, 0.012572563253343105, 1.9457391317700967e-05, 1.123868059949018e-05, 0.00436022924259305, 0.0009438294218853116, 0.0022165284026414156, 0.36848995089530945, 0.08096349984407425]",[0]
1.0,9,4.439145535882761,rapid_retrain,0.969,[0],client,"[0.4999992847442627, 0.00017414426838513464, 0.0651349350810051, 1.8994925994775258e-05, 0.07012689858675003, 0.0030363784171640873, 0.09283259510993958, 0.015387626364827156, 0.182174414396286, 0.0711146742105484]",[0]
1.0,2,6.822859786382239,rapid_retrain,0.972,[0],client,"[0.4999980628490448, 0.030424676835536957, 0.012572563253343105, 1.9457391317700967e-05, 1.123868059949018e-05, 0.00436022924259305, 0.0009438294218853116, 0.0022165284026414156, 0.36848995089530945, 0.08096349984407425]",[0]
1.0,7,9.059159903017104,rapid_retrain,0.972,[0],client,"[0.5000016093254089, 0.00022215551871340722, 0.268001526594162, 6.362935528159142e-05, 0.009478256106376648, 0.0003017630660906434, 0.1377197951078415, 0.0007772167446091771, 0.05617418885231018, 0.027259917929768562]",[0]
1.0,7,4.967806500148599,rapid_retrain,0.972,[0],client,"[0.5000016093254089, 0.00022215551871340722, 0.268001526594162, 6.362935528159142e-05, 0.009478256106376648, 0.0003017630660906434, 0.1377197951078415, 0.0007772167446091771, 0.05617418885231018, 0.027259917929768562]",[0]
1.0,9,4.571649125563839,rapid_retrain,0.969,[0],client,"[0.4999992847442627, 0.00017414426838513464, 0.0651349350810051, 1.8994925994775258e-05, 0.07012689858675003, 0.0030363784171640873, 0.09283259510993958, 0.015387626364827156, 0.182174414396286, 0.0711146742105484]",[0]
1.0,0,9.453408528973556,rapid_retrain,0.972,[0],client,"[0.500001847743988, 0.00010512736480450258, 0.07557325810194016, 5.364095159166027e-07, 0.00011661388271022588, 0.0008924207650125027, 0.012152301147580147, 0.00011841358355013654, 0.2837132215499878, 0.12732629477977753]",[0]
1.0,9,5.9567581590859895,rapid_retrain,0.969,[0],client,"[0.4999992847442627, 0.00017414426838513464, 0.0651349350810051, 1.8994925994775258e-05, 0.07012689858675003, 0.0030363784171640873, 0.09283259510993958, 0.015387626364827156, 0.182174414396286, 0.0711146742105484]",[0]
1.0,0,7.667322279445563,rapid_retrain,0.972,[0],client,"[0.500001847743988, 0.00010512736480450258, 0.07557325810194016, 5.364095159166027e-07, 0.00011661388271022588, 0.0008924207650125027, 0.012152301147580147, 0.00011841358355013654, 0.2837132215499878, 0.12732629477977753]",[0]
1.0,2,6.233199668966821,rapid_retrain,0.972,[0],client,"[0.4999980628490448, 0.030424676835536957, 0.012572563253343105, 1.9457391317700967e-05, 1.123868059949018e-05, 0.00436022924259305, 0.0009438294218853116, 0.0022165284026414156, 0.36848995089530945, 0.08096349984407425]",[0]
1.0,9,3.964391858268709,rapid_retrain,0.969,[0],client,"[0.4999992847442627, 0.00017414426838513464, 0.0651349350810051, 1.8994925994775258e-05, 0.07012689858675003, 0.0030363784171640873, 0.09283259510993958, 0.015387626364827156, 0.182174414396286, 0.0711146742105484]",[0]
1.0,0,6.054409817514584,rapid_retrain,0.972,[0],client,"[0.500001847743988, 0.00010512736480450258, 0.07557325810194016, 5.364095159166027e-07, 0.00011661388271022588, 0.0008924207650125027, 0.012152301147580147, 0.00011841358355013654, 0.2837132215499878, 0.12732629477977753]",[0]
1.0,0,9.128461064754543,rapid_retrain,0.972,[0],client,"[0.500001847743988, 0.00010512736480450258, 0.07557325810194016, 5.364095159166027e-07, 0.00011661388271022588, 0.0008924207650125027, 0.012152301147580147, 0.00011841358355013654, 0.2837132215499878, 0.12732629477977753]",[0]
1.0,3,2.1962337764428668,rapid_retrain,0.963,[0],client,"[0.5000000596046448, 0.0698833242058754, 0.016858618706464767, 7.441380876116455e-05, 0.0008256318978965282, 0.003077625297009945, 0.047365933656692505, 0.00010910927085205913, 0.15558212995529175, 0.20622317492961884]",[0]
1.0,6,9.458997834481929,rapid_retrain,0.971,[0],client,"[0.4999983012676239, 0.003734293859452009, 0.03222592920064926, 0.00010157572978641838, 0.001969875767827034, 0.005526405293494463, 0.07389885187149048, 0.00022459024330601096, 0.023571282625198364, 0.35874900221824646]",[0]
1.0,6,8.730904833267179,rapid_retrain,0.971,[0],client,"[0.4999983012676239, 0.003734293859452009, 0.03222592920064926, 0.00010157572978641838, 0.001969875767827034, 0.005526405293494463, 0.07389885187149048, 0.00022459024330601096, 0.023571282625198364, 0.35874900221824646]",[0]
1.0,2,8.027370199046997,rapid_retrain,0.972,[0],client,"[0.4999980628490448, 0.030424676835536957, 0.012572563253343105, 1.9457391317700967e-05, 1.123868059949018e-05, 0.00436022924259305, 0.0009438294218853116, 0.0022165284026414156, 0.36848995089530945, 0.08096349984407425]",[0]
1.0,4,2.572733617851217,rapid_retrain,0.965,[0],client,"[0.5000000596046448, 2.9784790967823938e-05, 0.006809634622186422, 4.341416934039444e-05, 0.0036882192362099886, 0.0035569206811487675, 0.18921001255512238, 0.00015918801364023238, 0.23604604601860046, 0.06045672670006752]",[0]
1.0,5,2.509497432927271,rapid_retrain,0.964,[0],client,"[0.49999937415122986, 0.0002210569946328178, 0.05143815651535988, 0.00010802837641676888, 3.277785435784608e-05, 0.007082272320985794, 0.0010299398563802242, 0.006714143790304661, 0.06251002103090286, 0.37086430191993713]",[0]
1.0,9,5.001878626516204,rapid_retrain,0.969,[0],client,"[0.4999992847442627, 0.00017414426838513464, 0.0651349350810051, 1.8994925994775258e-05, 0.07012689858675003, 0.0030363784171640873, 0.09283259510993958, 0.015387626364827156, 0.182174414396286, 0.0711146742105484]",[0]
1.0,2,4.67844816924543,rapid_retrain,0.972,[0],client,"[0.4999980628490448, 0.030424676835536957, 0.012572563253343105, 1.9457391317700967e-05, 1.123868059949018e-05, 0.00436022924259305, 0.0009438294218853116, 0.0022165284026414156, 0.36848995089530945, 0.08096349984407425]",[0]
1.0,2,5.516864898307644,rapid_retrain,0.972,[0],client,"[0.4999980628490448, 0.030424676835536957, 0.012572563253343105, 1.9457391317700967e-05, 1.123868059949018e-05, 0.00436022924259305, 0.0009438294218853116, 0.0022165284026414156, 0.36848995089530945, 0.08096349984407425]",[0]
1.0,2,5.708460847425225,rapid_retrain,0.972,[0],client,"[0.4999980628490448, 0.030424676835536957, 0.012572563253343105, 1.9457391317700967e-05, 1.123868059949018e-05, 0.00436022924259305, 0.0009438294218853116, 0.0022165284026414156, 0.36848995089530945, 0.08096349984407425]",[0]
1.0,0,7.774292939350943,sga_ewc,0.97,[0],sample,"[0.5, 0.00011176261614309624, 0.0755738690495491, 7.32615433207684e-07, 0.00011588694178499281, 0.0008917287341319025, 0.01215300615876913, 0.0001182216583401896, 0.28371095657348633, 0.12732383608818054]",[0]
1.0,8,0.6883306144894416,sga_ewc,0.904,[0],sample,"[0.49999988079071045, 2.4560144083807245e-05, 0.04879777505993843, 3.487628055154346e-05, 7.164527050917968e-05, 0.0006957508740015328, 0.0006243055686354637, 7.031945278868079e-05, 0.11018931865692139, 0.33949145674705505]",[0]
1.0,7,5.128252997423619,sga_ewc,0.97,[0],sample,"[0.4999983310699463, 0.0002274391008540988, 0.26799866557121277, 6.39924910501577e-05, 0.009478854015469551, 0.00030202639754861593, 0.13771893084049225, 0.0007770382799208164, 0.0561736524105072, 0.027261175215244293]",[0]
1.0,1,6.0540243507576665,sga_ewc,0.972,[0],sample,"[0.49999985098838806, 0.00015369731409009546, 0.0536540225148201, 8.569629244448151e-06, 0.00028017739532515407, 0.03199673444032669, 0.007352737244218588, 0.0005647654761560261, 0.29125940799713135, 0.11472994089126587]",[0]
1.0,5,1.88852415798361,sga_ewc,0.958,[0],sample,"[0.4999992847442627, 0.00022091405116952956, 0.0514368861913681, 0.0001085522017092444, 3.26956833305303e-05, 0.007082154508680105, 0.0010302956216037273, 0.006714146118611097, 0.06251031905412674, 0.3708648383617401]",[0]
1.0,8,0.9209592031753303,sga_ewc,0.904,[0],sample,"[0.49999988079071045, 2.4560144083807245e-05, 0.04879777505993843, 3.487628055154346e-05, 7.164527050917968e-05, 0.0006957508740015328, 0.0006243055686354637, 7.031945278868079e-05, 0.11018931865692139, 0.33949145674705505]",[0]
1.0,1,5.018546856952809,sga_ewc,0.972,[0],sample,"[0.49999985098838806, 0.00015369731409009546, 0.0536540225148201, 8.569629244448151e-06, 0.00028017739532515407, 0.03199673444032669, 0.007352737244218588, 0.0005647654761560261, 0.29125940799713135, 0.11472994089126587]",[0]
1.0,9,2.631493026301406,sga_ewc,0.968,[0],sample,"[0.49999961256980896, 0.00017409614520147443, 0.0651358813047409, 1.900865936477203e-05, 0.07012636959552765, 0.003036016132682562, 0.09283270686864853, 0.015387755818665028, 0.18217560648918152, 0.07111291587352753]",[0]
1.0,8,1.0846690776310355,sga_ewc,0.904,[0],sample,"[0.49999988079071045, 2.4560144083807245e-05, 0.04879777505993843, 3.487628055154346e-05, 7.164527050917968e-05, 0.0006957508740015328, 0.0006243055686354637, 7.031945278868079e-05, 0.11018931865692139, 0.33949145674705505]",[0]
1.0,8,0.9699927596921569,sga_ewc,0.904,[0],sample,"[0.49999988079071045, 2.4560144083807245e-05, 0.04879777505993843, 3.487628055154346e-05, 7.164527050917968e-05, 0.0006957508740015328, 0.0006243055686354637, 7.031945278868079e-05, 0.11018931865692139, 0.33949145674705505]",[0]
1.0,8,0.9936629590025545,sga_ewc,0.904,[0],sample,"[0.49999988079071045, 2.4560144083807245e-05, 0.04879777505993843, 3.487628055154346e-05, 7.164527050917968e-05, 0.0006957508740015328, 0.0006243055686354637, 7.031945278868079e-05, 0.11018931865692139, 0.33949145674705505]",[0]
1.0,3,1.2059091996789548,sga_ewc,0.947,[0],sample,"[0.4999995827674866, 0.06988325715065002, 0.016858968883752823, 7.44588251109235e-05, 0.000825724855531007, 0.0030777559150010347, 0.047365814447402954, 0.00010896255116676912, 0.1555824875831604, 0.20622295141220093]",[0]
1.0,5,1.477427088439987,sga_ewc,0.958,[0],sample,"[0.4999992847442627, 0.00022091405116952956, 0.0514368861913681, 0.0001085522017092444, 3.26956833305303e-05, 0.007082154508680105, 0.0010302956216037273, 0.006714146118611097, 0.06251031905412674, 0.3708648383617401]",[0]
1.0,7,5.297953121471561,sga_ewc,0.97,[0],sample,"[0.4999983310699463, 0.0002274391008540988, 0.26799866557121277, 6.39924910501577e-05, 0.009478854015469551, 0.00030202639754861593, 0.13771893084049225, 0.0007770382799208164, 0.0561736524105072, 0.027261175215244293]",[0]
1.0,5,1.4404698228523505,sga_ewc,0.958,[0],sample,"[0.4999992847442627, 0.00022091405116952956, 0.0514368861913681, 0.0001085522017092444, 3.26956833305303e-05, 0.007082154508680105, 0.0010302956216037273, 0.006714146118611097, 0.06251031905412674, 0.3708648383617401]",[0]
1.0,7,4.453261122739361,sga_ewc,0.97,[0],sample,"[0.4999983310699463, 0.0002274391008540988, 0.26799866557121277, 6.39924910501577e-05, 0.009478854015469551, 0.00030202639754861593, 0.13771893084049225, 0.0007770382799208164, 0.0561736524105072, 0.027261175215244293]",[0]
1.0,9,2.9073797167243014,sga_ewc,0.968,[0],sample,"[0.49999961256980896, 0.00017409614520147443, 0.0651358813047409, 1.900865936477203e-05, 0.07012636959552765, 0.003036016132682562, 0.09283270686864853, 0.015387755818665028, 0.18217560648918152, 0.07111291587352753]",[0]
1.0,4,1.8191324777028346,sga_ewc,0.945,[0],sample,"[0.5000002384185791, 3.0477916880045086e-05, 0.006808840669691563, 4.3345658923499286e-05, 0.003688089083880186, 0.0035570496693253517, 0.18921010196208954, 0.00015925487969070673, 0.23604625463485718, 0.06045641377568245]",[0]
1.0,7,6.2784586877796755,sga_ewc,0.97,[0],sample,"[0.4999983310699463, 0.0002274391008540988, 0.26799866557121277, 6.39924910501577e-05, 0.009478854015469551, 0.00030202639754861593, 0.13771893084049225, 0.0007770382799208164, 0.0561736524105072, 0.027261175215244293]",[0]
1.0,7,4.094753425542991,sga_ewc,0.97,[0],sample,"[0.4999983310699463, 0.0002274391008540988, 0.26799866557121277, 6.39924910501577e-05, 0.009478854015469551, 0.00030202639754861593, 0.13771893084049225, 0.0007770382799208164, 0.0561736524105072, 0.027261175215244293]",[0]
1.0,0,6.124167891487412,sga_ewc,0.97,[0],sample,"[0.5, 0.00011176261614309624, 0.0755738690495491, 7.32615433207684e-07, 0.00011588694178499281, 0.0008917287341319025, 0.01215300615876913, 0.0001182216583401896, 0.28371095657348633, 0.12732383608818054]",[0]
1.0,5,1.9408903808036797,sga_ewc,0.958,[0],sample,"[0.4999992847442627, 0.00022091405116952956, 0.0514368861913681, 0.0001085522017092444, 3.26956833305303e-05, 0.007082154508680105, 0.0010302956216037273, 0.006714146118611097, 0.06251031905412674, 0.3708648383617401]",[0]
1.0,9,3.176067742943029,sga_ewc,0.968,[0],sample,"[0.49999961256980896, 0.00017409614520147443, 0.0651358813047409, 1.900865936477203e-05, 0.07012636959552765, 0.003036016132682562, 0.09283270686864853, 0.015387755818665028, 0.18217560648918152, 0.07111291587352753]",[0]
1.0,6,5.471647060875109,sga_ewc,0.971,[0],sample,"[0.4999989867210388, 0.0037345571909099817, 0.03222239390015602, 0.0001032803556881845, 0.0019696271046996117, 0.005525037180632353, 0.0738995298743248, 0.00022454108693636954, 0.02357049286365509, 0.3587515950202942]",[0]
1.0,7,6.228994490275348,sga_ewc,0.97,[0],sample,"[0.4999983310699463, 0.0002274391008540988, 0.26799866557121277, 6.39924910501577e-05, 0.009478854015469551, 0.00030202639754861593, 0.13771893084049225, 0.0007770382799208164, 0.0561736524105072, 0.027261175215244293]",[0]
1.0,2,3.084345909351995,sga_ewc,0.971,[0],sample,"[0.5000000596046448, 0.030422264710068703, 0.012570949271321297, 2.123963349731639e-05, 1.1445858035585843e-05, 0.004360366612672806, 0.0009448314667679369, 0.002216245047748089, 0.36849021911621094, 0.08096233010292053]",[0]
1.0,4,1.7361528070941679,sga_ewc,0.945,[0],sample,"[0.5000002384185791, 3.0477916880045086e-05, 0.006808840669691563, 4.3345658923499286e-05, 0.003688089083880186, 0.0035570496693253517, 0.18921010196208954, 0.00015925487969070673, 0.23604625463485718, 0.06045641377568245]",[0]
1.0,5,1.8402776541004242,sga_ewc,0.958,[0],sample,"[0.4999992847442627, 0.00022091405116952956, 0.0514368861913681, 0.0001085522017092444, 3.26956833305303e-05, 0.007082154508680105, 0.0010302956216037273, 0.006714146118611097, 0.06251031905412674, 0.3708648383617401]",[0]
1.0,7,4.1595032331874435,sga_ewc,0.97,[0],sample,"[0.4999983310699463, 0.0002274391008540988, 0.26799866557121277, 6.39924910501577e-05, 0.009478854015469551, 0.00030202639754861593, 0.13771893084049225, 0.0007770382799208164, 0.0561736524105072, 0.027261175215244293]",[0]
1.0,1,6.558810125499316,sga_ewc,0.972,[0],sample,"[0.49999985098838806, 0.00015369731409009546, 0.0536540225148201, 8.569629244448151e-06, 0.00028017739532515407, 0.03199673444032669, 0.007352737244218588, 0.0005647654761560261, 0.29125940799713135, 0.11472994089126587]",[0]
1.0,9,2.741072326945767,sga_ewc,0.964,[0],class,"[0.5000007152557373, 0.013586917892098427, 0.04675506427884102, 5.126405812916346e-05, 0.005944535136222839, 0.0035352453123778105, 0.05792420729994774, 0.0020494258496910334, 0.16254137456417084, 0.20761127769947052]",[0]
1.0,9,1.5416814535785923,sga_ewc,0.964,[0],class,"[0.5000007152557373, 0.013586917892098427, 0.04675506427884102, 5.126405812916346e-05, 0.005944535136222839, 0.0035352453123778105, 0.05792420729994774, 0.0020494258496910334, 0.16254137456417084, 0.20761127769947052]",[0]
1.0,8,3.6417894091600034,sga_ewc,0.964,[0],class,"[0.5000007152557373, 0.013586917892098427, 0.04675506427884102, 5.126405812916346e-05, 0.005944535136222839, 0.0035352453123778105, 0.05792420729994774, 0.0020494258496910334, 0.16254137456417084, 0.20761127769947052]",[0]
1.0,2,2.1104284401657414,sga_ewc,0.964,[0],class,"[0.5000007152557373, 0.013586917892098427, 0.04675506427884102, 5.126405812916346e-05, 0.005944535136222839, 0.0035352453123778105, 0.05792420729994774, 0.0020494258496910334, 0.16254137456417084, 0.20761127769947052]",[0]
1.0,4,3.065529465312907,sga_ewc,0.964,[0],class,"[0.5000007152557373, 0.013586917892098427, 0.04675506427884102, 5.126405812916346e-05, 0.005944535136222839, 0.0035352453123778105, 0.05792420729994774, 0.0020494258496910334, 0.16254137456417084, 0.20761127769947052]",[0]
1.0,8,3.616794613779063,sga_ewc,0.964,[0],class,"[0.5000007152557373, 0.013586917892098427, 0.04675506427884102, 5.126405812916346e-05, 0.005944535136222839, 0.0035352453123778105, 0.05792420729994774, 0.0020494258496910334, 0.16254137456417084, 0.20761127769947052]",[0]
1.0,1,1.818487260630516,sga_ewc,0.964,[0],class,"[0.5000007152557373, 0.013586917892098427, 0.04675506427884102, 5.126405812916346e-05, 0.005944535136222839, 0.0035352453123778105, 0.05792420729994774, 0.0020494258496910334, 0.16254137456417084, 0.20761127769947052]",[0]
1.0,7,2.1231307401337305,sga_ewc,0.964,[0],class,"[0.5000007152557373, 0.013586917892098427, 0.04675506427884102, 5.126405812916346e-05, 0.005944535136222839, 0.0035352453123778105, 0.05792420729994774, 0.0020494258496910334, 0.16254137456417084, 0.20761127769947052]",[0]
1.0,9,1.4751008382941029,sga_ewc,0.964,[0],class,"[0.5000007152557373, 0.013586917892098427, 0.04675506427884102, 5.126405812916346e-05, 0.005944535136222839, 0.0035352453123778105, 0.05792420729994774, 0.0020494258496910334, 0.16254137456417084, 0.20761127769947052]",[0]
1.0,0,3.2620028484043933,sga_ewc,0.964,[0],class,"[0.5000007152557373, 0.013586917892098427, 0.04675506427884102, 5.126405812916346e-05, 0.005944535136222839, 0.0035352453123778105, 0.05792420729994774, 0.0020494258496910334, 0.16254137456417084, 0.20761127769947052]",[0]
1.0,1,2.459902467505051,sga_ewc,0.964,[0],class,"[0.5000007152557373, 0.013586917892098427, 0.04675506427884102, 5.126405812916346e-05, 0.005944535136222839, 0.0035352453123778105, 0.05792420729994774, 0.0020494258496910334, 0.16254137456417084, 0.20761127769947052]",[0]
1.0,4,2.7909530909897033,sga_ewc,0.964,[0],class,"[0.5000007152557373, 0.013586917892098427, 0.04675506427884102, 5.126405812916346e-05, 0.005944535136222839, 0.0035352453123778105, 0.05792420729994774, 0.0020494258496910334, 0.16254137456417084, 0.20761127769947052]",[0]
1.0,7,2.918482097033303,sga_ewc,0.964,[0],class,"[0.5000007152557373, 0.013586917892098427, 0.04675506427884102, 5.126405812916346e-05, 0.005944535136222839, 0.0035352453123778105, 0.05792420729994774, 0.0020494258496910334, 0.16254137456417084, 0.20761127769947052]",[0]
1.0,4,2.7557528239479208,sga_ewc,0.964,[0],class,"[0.5000007152557373, 0.013586917892098427, 0.04675506427884102, 5.126405812916346e-05, 0.005944535136222839, 0.0035352453123778105, 0.05792420729994774, 0.0020494258496910334, 0.16254137456417084, 0.20761127769947052]",[0]
1.0,3,2.4631569166177387,sga_ewc,0.964,[0],class,"[0.5000007152557373, 0.013586917892098427, 0.04675506427884102, 5.126405812916346e-05, 0.005944535136222839, 0.0035352453123778105, 0.05792420729994774, 0.0020494258496910334, 0.16254137456417084, 0.20761127769947052]",[0]
1.0,1,1.7317949123741383,sga_ewc,0.964,[0],class,"[0.5000007152557373, 0.013586917892098427, 0.04675506427884102, 5.126405812916346e-05, 0.005944535136222839, 0.0035352453123778105, 0.05792420729994774, 0.0020494258496910334, 0.16254137456417084, 0.20761127769947052]",[0]
1.0,4,2.5501872336953855,sga_ewc,0.964,[0],class,"[0.5000007152557373, 0.013586917892098427, 0.04675506427884102, 5.126405812916346e-05, 0.005944535136222839, 0.0035352453123778105, 0.05792420729994774, 0.0020494258496910334, 0.16254137456417084, 0.20761127769947052]",[0]
1.0,7,2.8090761482527298,sga_ewc,0.964,[0],class,"[0.5000007152557373, 0.013586917892098427, 0.04675506427884102, 5.126405812916346e-05, 0.005944535136222839, 0.0035352453123778105, 0.05792420729994774, 0.0020494258496910334, 0.16254137456417084, 0.20761127769947052]",[0]
1.0,1,1.6016689624928482,sga_ewc,0.964,[0],class,"[0.5000007152557373, 0.013586917892098427, 0.04675506427884102, 5.126405812916346e-05, 0.005944535136222839, 0.0035352453123778105, 0.05792420729994774, 0.0020494258496910334, 0.16254137456417084, 0.20761127769947052]",[0]
1.0,7,2.322557846998994,sga_ewc,0.964,[0],class,"[0.5000007152557373, 0.013586917892098427, 0.04675506427884102, 5.126405812916346e-05, 0.005944535136222839, 0.0035352453123778105, 0.05792420729994774, 0.0020494258496910334, 0.16254137456417084, 0.20761127769947052]",[0]
1.0,7,2.8668002634323178,sga_ewc,0.964,[0],class,"[0.5000007152557373, 0.013586917892098427, 0.04675506427884102, 5.126405812916346e-05, 0.005944535136222839, 0.0035352453123778105, 0.05792420729994774, 0.0020494258496910334, 0.16254137456417084, 0.20761127769947052]",[0]
1.0,9,2.861216518558552,sga_ewc,0.964,[0],class,"[0.5000007152557373, 0.013586917892098427, 0.04675506427884102, 5.126405812916346e-05, 0.005944535136222839, 0.0035352453123778105, 0.05792420729994774, 0.0020494258496910334, 0.16254137456417084, 0.20761127769947052]",[0]
1.0,3,3.5673610240216167,sga_ewc,0.964,[0],class,"[0.5000007152557373, 0.013586917892098427, 0.04675506427884102, 5.126405812916346e-05, 0.005944535136222839, 0.0035352453123778105, 0.05792420729994774, 0.0020494258496910334, 0.16254137456417084, 0.20761127769947052]",[0]
1.0,5,2.038524153138533,sga_ewc,0.964,[0],class,"[0.5000007152557373, 0.013586917892098427, 0.04675506427884102, 5.126405812916346e-05, 0.005944535136222839, 0.0035352453123778105, 0.05792420729994774, 0.0020494258496910334, 0.16254137456417084, 0.20761127769947052]",[0]
1.0,0,2.066953807585688,sga_ewc,0.964,[0],class,"[0.5000007152557373, 0.013586917892098427, 0.04675506427884102, 5.126405812916346e-05, 0.005944535136222839, 0.0035352453123778105, 0.05792420729994774, 0.0020494258496910334, 0.16254137456417084, 0.20761127769947052]",[0]
1.0,1,1.623264122304448,sga_ewc,0.964,[0],class,"[0.5000007152557373, 0.013586917892098427, 0.04675506427884102, 5.126405812916346e-05, 0.005944535136222839, 0.0035352453123778105, 0.05792420729994774, 0.0020494258496910334, 0.16254137456417084, 0.20761127769947052]",[0]
1.0,0,3.8573450901211648,sga_ewc,0.964,[0],class,"[0.5000007152557373, 0.013586917892098427, 0.04675506427884102, 5.126405812916346e-05, 0.005944535136222839, 0.0035352453123778105, 0.05792420729994774, 0.0020494258496910334, 0.16254137456417084, 0.20761127769947052]",[0]
1.0,6,0.779881108697775,sga_ewc,0.964,[0],class,"[0.5000007152557373, 0.013586917892098427, 0.04675506427884102, 5.126405812916346e-05, 0.005944535136222839, 0.0035352453123778105, 0.05792420729994774, 0.0020494258496910334, 0.16254137456417084, 0.20761127769947052]",[0]
1.0,4,3.100861536407512,sga_ewc,0.964,[0],class,"[0.5000007152557373, 0.013586917892098427, 0.04675506427884102, 5.126405812916346e-05, 0.005944535136222839, 0.0035352453123778105, 0.05792420729994774, 0.0020494258496910334, 0.16254137456417084, 0.20761127769947052]",[0]
1.0,6,1.5714132411682817,sga_ewc,0.964,[0],class,"[0.5000007152557373, 0.013586917892098427, 0.04675506427884102, 5.126405812916346e-05, 0.005944535136222839, 0.0035352453123778105, 0.05792420729994774, 0.0020494258496910334, 0.16254137456417084, 0.20761127769947052]",[0]
1.0,0,7.109413215235054,sga_ewc,0.97,[0],client,"[0.5, 0.00011176261614309624, 0.0755738690495491, 7.32615433207684e-07, 0.00011588694178499281, 0.0008917287341319025, 0.01215300615876913, 0.0001182216583401896, 0.28371095657348633, 0.12732383608818054]",[0]
1.0,9,3.0091829415467344,sga_ewc,0.968,[0],client,"[0.49999961256980896, 0.00017409614520147443, 0.0651358813047409, 1.900865936477203e-05, 0.07012636959552765, 0.003036016132682562, 0.09283270686864853, 0.015387755818665028, 0.18217560648918152, 0.07111291587352753]",[0]
1.0,7,2.9394216079549462,sga_ewc,0.97,[0],client,"[0.4999983310699463, 0.0002274391008540988, 0.26799866557121277, 6.39924910501577e-05, 0.009478854015469551, 0.00030202639754861593, 0.13771893084049225, 0.0007770382799208164, 0.0561736524105072, 0.027261175215244293]",[0]
1.0,9,3.4484823622728547,sga_ewc,0.968,[0],client,"[0.49999961256980896, 0.00017409614520147443, 0.0651358813047409, 1.900865936477203e-05, 0.07012636959552765, 0.003036016132682562, 0.09283270686864853, 0.015387755818665028, 0.18217560648918152, 0.07111291587352753]",[0]
1.0,5,2.06012404630031,sga_ewc,0.958,[0],client,"[0.4999992847442627, 0.00022091405116952956, 0.0514368861913681, 0.0001085522017092444, 3.26956833305303e-05, 0.007082154508680105, 0.0010302956216037273, 0.006714146118611097, 0.06251031905412674, 0.3708648383617401]",[0]
1.0,1,4.313143073199301,sga_ewc,0.972,[0],client,"[0.49999985098838806, 0.00015369731409009546, 0.0536540225148201, 8.569629244448151e-06, 0.00028017739532515407, 0.03199673444032669, 0.007352737244218588, 0.0005647654761560261, 0.29125940799713135, 0.11472994089126587]",[0]
1.0,2,4.667845656115198,sga_ewc,0.971,[0],client,"[0.5000000596046448, 0.030422264710068703, 0.012570949271321297, 2.123963349731639e-05, 1.1445858035585843e-05, 0.004360366612672806, 0.0009448314667679369, 0.002216245047748089, 0.36849021911621094, 0.08096233010292053]",[0]
1.0,8,1.014798357339605,sga_ewc,0.904,[0],client,"[0.49999988079071045, 2.4560144083807245e-05, 0.04879777505993843, 3.487628055154346e-05, 7.164527050917968e-05, 0.0006957508740015328, 0.0006243055686354637, 7.031945278868079e-05, 0.11018931865692139, 0.33949145674705505]",[0]
1.0,4,1.5482123813190325,sga_ewc,0.945,[0],client,"[0.5000002384185791, 3.0477916880045086e-05, 0.006808840669691563, 4.3345658923499286e-05, 0.003688089083880186, 0.0035570496693253517, 0.18921010196208954, 0.00015925487969070673, 0.23604625463485718, 0.06045641377568245]",[0]
1.0,2,3.471146911153382,sga_ewc,0.971,[0],client,"[0.5000000596046448, 0.030422264710068703, 0.012570949271321297, 2.123963349731639e-05, 1.1445858035585843e-05, 0.004360366612672806, 0.0009448314667679369, 0.002216245047748089, 0.36849021911621094, 0.08096233010292053]",[0]
1.0,3,1.6790764082869485,sga_ewc,0.947,[0],client,"[0.4999995827674866, 0.06988325715065002, 0.016858968883752823, 7.44588251109235e-05, 0.000825724855531007, 0.0030777559150010347, 0.047365814447402954, 0.00010896255116676912, 0.1555824875831604, 0.20622295141220093]",[0]
1.0,6,2.843536442852865,sga_ewc,0.971,[0],client,"[0.4999989867210388, 0.0037345571909099817, 0.03222239390015602, 0.0001032803556881845, 0.0019696271046996117, 0.005525037180632353, 0.0738995298743248, 0.00022454108693636954, 0.02357049286365509, 0.3587515950202942]",[0]
1.0,7,4.195855468080424,sga_ewc,0.97,[0],client,"[0.4999983310699463, 0.0002274391008540988, 0.26799866557121277, 6.39924910501577e-05, 0.009478854015469551, 0.00030202639754861593, 0.13771893084049225, 0.0007770382799208164, 0.0561736524105072, 0.027261175215244293]",[0]
1.0,8,0.9399127152940778,sga_ewc,0.904,[0],client,"[0.49999988079071045, 2.4560144083807245e-05, 0.04879777505993843, 3.487628055154346e-05, 7.164527050917968e-05, 0.0006957508740015328, 0.0006243055686354637, 7.031945278868079e-05, 0.11018931865692139, 0.33949145674705505]",[0]
1.0,1,4.8136761153745296,sga_ewc,0.972,[0],client,"[0.49999985098838806, 0.00015369731409009546, 0.0536540225148201, 8.569629244448151e-06, 0.00028017739532515407, 0.03199673444032669, 0.007352737244218588, 0.0005647654761560261, 0.29125940799713135, 0.11472994089126587]",[0]
1.0,3,1.3042150787703615,sga_ewc,0.947,[0],client,"[0.4999995827674866, 0.06988325715065002, 0.016858968883752823, 7.44588251109235e-05, 0.000825724855531007, 0.0030777559150010347, 0.047365814447402954, 0.00010896255116676912, 0.1555824875831604, 0.20622295141220093]",[0]
1.0,5,1.750422465958062,sga_ewc,0.958,[0],client,"[0.4999992847442627, 0.00022091405116952956, 0.0514368861913681, 0.0001085522017092444, 3.26956833305303e-05, 0.007082154508680105, 0.0010302956216037273, 0.006714146118611097, 0.06251031905412674, 0.3708648383617401]",[0]
1.0,4,1.5869202999591965,sga_ewc,0.945,[0],client,"[0.5000002384185791, 3.0477916880045086e-05, 0.006808840669691563, 4.3345658923499286e-05, 0.003688089083880186, 0.0035570496693253517, 0.18921010196208954, 0.00015925487969070673, 0.23604625463485718, 0.06045641377568245]",[0]
1.0,8,1.148640584083287,sga_ewc,0.904,[0],client,"[0.49999988079071045, 2.4560144083807245e-05, 0.04879777505993843, 3.487628055154346e-05, 7.164527050917968e-05, 0.0006957508740015328, 0.0006243055686354637, 7.031945278868079e-05, 0.11018931865692139, 0.33949145674705505]",[0]
1.0,6,2.1674890824420743,sga_ewc,0.971,[0],client,"[0.4999989867210388, 0.0037345571909099817, 0.03222239390015602, 0.0001032803556881845, 0.0019696271046996117, 0.005525037180632353, 0.0738995298743248, 0.00022454108693636954, 0.02357049286365509, 0.3587515950202942]",[0]
1.0,5,1.5142627181732535,sga_ewc,0.958,[0],client,"[0.4999992847442627, 0.00022091405116952956, 0.0514368861913681, 0.0001085522017092444, 3.26956833305303e-05, 0.007082154508680105, 0.0010302956216037273, 0.006714146118611097, 0.06251031905412674, 0.3708648383617401]",[0]
1.0,1,3.2419277589935582,sga_ewc,0.972,[0],client,"[0.49999985098838806, 0.00015369731409009546, 0.0536540225148201, 8.569629244448151e-06, 0.00028017739532515407, 0.03199673444032669, 0.007352737244218588, 0.0005647654761560261, 0.29125940799713135, 0.11472994089126587]",[0]
1.0,7,7.103797841683039,sga_ewc,0.97,[0],client,"[0.4999983310699463, 0.0002274391008540988, 0.26799866557121277, 6.39924910501577e-05, 0.009478854015469551, 0.00030202639754861593, 0.13771893084049225, 0.0007770382799208164, 0.0561736524105072, 0.027261175215244293]",[0]
1.0,7,5.7198292777967925,sga_ewc,0.97,[0],client,"[0.4999983310699463, 0.0002274391008540988, 0.26799866557121277, 6.39924910501577e-05, 0.009478854015469551, 0.00030202639754861593, 0.13771893084049225, 0.0007770382799208164, 0.0561736524105072, 0.027261175215244293]",[0]
1.0,6,6.12388726929799,sga_ewc,0.971,[0],client,"[0.4999989867210388, 0.0037345571909099817, 0.03222239390015602, 0.0001032803556881845, 0.0019696271046996117, 0.005525037180632353, 0.0738995298743248, 0.00022454108693636954, 0.02357049286365509, 0.3587515950202942]",[0]
1.0,0,6.953004562898991,sga_ewc,0.97,[0],client,"[0.5, 0.00011176261614309624, 0.0755738690495491, 7.32615433207684e-07, 0.00011588694178499281, 0.0008917287341319025, 0.01215300615876913, 0.0001182216583401896, 0.28371095657348633, 0.12732383608818054]",[0]
1.0,5,1.3892480900711728,sga_ewc,0.958,[0],client,"[0.4999992847442627, 0.00022091405116952956, 0.0514368861913681, 0.0001085522017092444, 3.26956833305303e-05, 0.007082154508680105, 0.0010302956216037273, 0.006714146118611097, 0.06251031905412674, 0.3708648383617401]",[0]
1.0,5,1.187168164662855,sga_ewc,0.958,[0],client,"[0.4999992847442627, 0.00022091405116952956, 0.0514368861913681, 0.0001085522017092444, 3.26956833305303e-05, 0.007082154508680105, 0.0010302956216037273, 0.006714146118611097, 0.06251031905412674, 0.3708648383617401]",[0]
1.0,1,7.01220743434028,sga_ewc,0.972,[0],client,"[0.49999985098838806, 0.00015369731409009546, 0.0536540225148201, 8.569629244448151e-06, 0.00028017739532515407, 0.03199673444032669, 0.007352737244218588, 0.0005647654761560261, 0.29125940799713135, 0.11472994089126587]",[0]
1.0,7,3.3696801232449833,sga_ewc,0.97,[0],client,"[0.4999983310699463, 0.0002274391008540988, 0.26799866557121277, 6.39924910501577e-05, 0.009478854015469551, 0.00030202639754861593, 0.13771893084049225, 0.0007770382799208164, 0.0561736524105072, 0.027261175215244293]",[0]
